@timestamp,@version,api_id,api_name,api_ref,api_resource_id,api_version,app_id,app_lifecycle_state,app_name,billing,bytes_received,bytes_sent,catalog_id,catalog_name,client_geoip,client_id,client_ip,datetime,developer_org_id,developer_org_name,developer_org_title,domain_name,endpoint_url,event_id,gateway_geoip,gateway_ip,gateway_service_name,gateway_type,global_transaction_id,host,http_user_agent,immediate_client_ip,latency_info,log_policy,offload_max_queue,offload_queue_size,opentracing_info,org_id,org_name,path_id,plan_id,plan_name,plan_version,product_id,product_name,product_ref,product_title,product_version,query_string,request_body,request_http_headers,request_method,request_protocol,resource_id,resource_path,response_body,response_http_headers,status_code,storage_max_queue,storage_queue_size,tags,time_to_serve_request,transaction_id,uri_path,user_agent,id
2024-08-01T03:04:14.887462000Z,,,wait100ms,,,,,,,,,,,,,,,,,,,,,,,,,,,,,,"[{""started"": 5}]",,,,,,,,,,,,,,,,,,,,,,,,,,,,,,,,,
2024-08-01T03:44:14.651744000Z,,,wait300ms,,,,,,,,,,,,,,,,,,,,,,,,,,,,,,"[{""started"": 4}]",,,,,,,,,,,,,,,,,,,,,,,,,,,,,,,,,
2024-08-01T05:15:13.900086000Z,,,wait200ms,,,,,,,,,,,,,,,,,,,,,,,,,,,,,,"[{""started"": 1}]",,,,,,,,,,,,,,,,,,,,,,,,,,,,,,,,,
2024-08-01T08:58:22.284962000Z,,,wait100ms,,,,,,,,,,,,,,,,,,,,,,,,,,,,,,"[{""started"": 1}, {""started"": 3}]",,,,,,,,,,,,,,,,,,,,,,,,,,,,,,,,,
2024-08-01T09:25:59.730229000Z,,,wait300ms,,,,,,,,,,,,,,,,,,,,,,,,,,,,,,"[{""started"": 5}, {""started"": 5}]",,,,,,,,,,,,,,,,,,,,,,,,,,,,,,,,,
2024-08-01T09:50:52.788649000Z,,,wait400ms,,,,,,,,,,,,,,,,,,,,,,,,,,,,,,"[{""started"": 3}]",,,,,,,,,,,,,,,,,,,,,,,,,,,,,,,,,
2024-08-01T10:03:57.351215000Z,,,wait100ms,,,,,,,,,,,,,,,,,,,,,,,,,,,,,,"[{""started"": 2}, {""started"": 3}, {""started"": 5}]",,,,,,,,,,,,,,,,,,,,,,,,,,,,,,,,,
2024-08-01T10:06:58.830928000Z,,,wait200ms,,,,,,,,,,,,,,,,,,,,,,,,,,,,,,"[{""started"": 5}, {""started"": 2}, {""started"": 5}]",,,,,,,,,,,,,,,,,,,,,,,,,,,,,,,,,
2024-08-01T11:01:37.039606000Z,,,wait200ms,,,,,,,,,,,,,,,,,,,,,,,,,,,,,,"[{""started"": 5}]",,,,,,,,,,,,,,,,,,,,,,,,,,,,,,,,,
2024-08-01T14:51:35.088129000Z,,,wait300ms,,,,,,,,,,,,,,,,,,,,,,,,,,,,,,"[{""started"": 2}, {""started"": 1}, {""started"": 3}]",,,,,,,,,,,,,,,,,,,,,,,,,,,,,,,,,
2024-08-01T15:19:48.449458000Z,,,wait400ms,,,,,,,,,,,,,,,,,,,,,,,,,,,,,,"[{""started"": 1}, {""started"": 1}]",,,,,,,,,,,,,,,,,,,,,,,,,,,,,,,,,
2024-08-01T15:33:44.623689000Z,,,wait200ms,,,,,,,,,,,,,,,,,,,,,,,,,,,,,,"[{""started"": 4}, {""started"": 2}, {""started"": 3}]",,,,,,,,,,,,,,,,,,,,,,,,,,,,,,,,,
2024-08-01T17:07:53.389250000Z,,,wait400ms,,,,,,,,,,,,,,,,,,,,,,,,,,,,,,"[{""started"": 4}, {""started"": 4}, {""started"": 2}]",,,,,,,,,,,,,,,,,,,,,,,,,,,,,,,,,
2024-08-01T17:43:40.106319000Z,,,wait200ms,,,,,,,,,,,,,,,,,,,,,,,,,,,,,,"[{""started"": 2}, {""started"": 2}]",,,,,,,,,,,,,,,,,,,,,,,,,,,,,,,,,
2024-08-01T18:17:09.903931000Z,,,wait400ms,,,,,,,,,,,,,,,,,,,,,,,,,,,,,,"[{""started"": 2}, {""started"": 5}]",,,,,,,,,,,,,,,,,,,,,,,,,,,,,,,,,
2024-08-01T18:29:42.796244000Z,,,wait300ms,,,,,,,,,,,,,,,,,,,,,,,,,,,,,,"[{""started"": 1}, {""started"": 4}, {""started"": 1}]",,,,,,,,,,,,,,,,,,,,,,,,,,,,,,,,,
2024-08-01T19:15:55.886840000Z,,,wait300ms,,,,,,,,,,,,,,,,,,,,,,,,,,,,,,"[{""started"": 3}, {""started"": 4}]",,,,,,,,,,,,,,,,,,,,,,,,,,,,,,,,,
2024-08-01T19:50:36.411612000Z,,,wait200ms,,,,,,,,,,,,,,,,,,,,,,,,,,,,,,"[{""started"": 5}, {""started"": 5}, {""started"": 1}]",,,,,,,,,,,,,,,,,,,,,,,,,,,,,,,,,
2024-08-01T22:53:35.352967000Z,,,wait200ms,,,,,,,,,,,,,,,,,,,,,,,,,,,,,,"[{""started"": 5}, {""started"": 5}, {""started"": 2}]",,,,,,,,,,,,,,,,,,,,,,,,,,,,,,,,,
2024-08-01T23:52:14.939543000Z,,,wait400ms,,,,,,,,,,,,,,,,,,,,,,,,,,,,,,"[{""started"": 3}]",,,,,,,,,,,,,,,,,,,,,,,,,,,,,,,,,
2024-08-02T00:27:48.456283000Z,,,wait100ms,,,,,,,,,,,,,,,,,,,,,,,,,,,,,,"[{""started"": 5}, {""started"": 4}]",,,,,,,,,,,,,,,,,,,,,,,,,,,,,,,,,
2024-08-02T00:36:36.526511000Z,,,wait100ms,,,,,,,,,,,,,,,,,,,,,,,,,,,,,,"[{""started"": 5}, {""started"": 3}]",,,,,,,,,,,,,,,,,,,,,,,,,,,,,,,,,
2024-08-02T00:45:40.496671000Z,,,wait300ms,,,,,,,,,,,,,,,,,,,,,,,,,,,,,,"[{""started"": 5}, {""started"": 5}, {""started"": 5}]",,,,,,,,,,,,,,,,,,,,,,,,,,,,,,,,,
2024-08-02T01:41:06.275619000Z,,,wait400ms,,,,,,,,,,,,,,,,,,,,,,,,,,,,,,"[{""started"": 5}]",,,,,,,,,,,,,,,,,,,,,,,,,,,,,,,,,
2024-08-02T02:06:21.300484000Z,,,wait100ms,,,,,,,,,,,,,,,,,,,,,,,,,,,,,,"[{""started"": 2}]",,,,,,,,,,,,,,,,,,,,,,,,,,,,,,,,,
2024-08-02T02:54:02.103771000Z,,,wait400ms,,,,,,,,,,,,,,,,,,,,,,,,,,,,,,"[{""started"": 5}]",,,,,,,,,,,,,,,,,,,,,,,,,,,,,,,,,
2024-08-02T02:54:05.801129000Z,,,wait300ms,,,,,,,,,,,,,,,,,,,,,,,,,,,,,,"[{""started"": 4}, {""started"": 3}]",,,,,,,,,,,,,,,,,,,,,,,,,,,,,,,,,
2024-08-02T04:33:35.299957000Z,,,wait400ms,,,,,,,,,,,,,,,,,,,,,,,,,,,,,,"[{""started"": 3}, {""started"": 4}]",,,,,,,,,,,,,,,,,,,,,,,,,,,,,,,,,
2024-08-02T06:11:12.406296000Z,,,wait400ms,,,,,,,,,,,,,,,,,,,,,,,,,,,,,,"[{""started"": 2}, {""started"": 3}, {""started"": 2}]",,,,,,,,,,,,,,,,,,,,,,,,,,,,,,,,,
2024-08-02T09:03:49.479220000Z,,,wait400ms,,,,,,,,,,,,,,,,,,,,,,,,,,,,,,"[{""started"": 1}, {""started"": 2}]",,,,,,,,,,,,,,,,,,,,,,,,,,,,,,,,,
2024-08-02T12:43:40.308346000Z,,,wait300ms,,,,,,,,,,,,,,,,,,,,,,,,,,,,,,"[{""started"": 3}, {""started"": 4}]",,,,,,,,,,,,,,,,,,,,,,,,,,,,,,,,,
2024-08-02T15:31:19.692618000Z,,,wait100ms,,,,,,,,,,,,,,,,,,,,,,,,,,,,,,"[{""started"": 2}]",,,,,,,,,,,,,,,,,,,,,,,,,,,,,,,,,
2024-08-02T18:30:14.449726000Z,,,wait400ms,,,,,,,,,,,,,,,,,,,,,,,,,,,,,,"[{""started"": 4}, {""started"": 4}, {""started"": 5}]",,,,,,,,,,,,,,,,,,,,,,,,,,,,,,,,,
2024-08-02T19:57:00.232265000Z,,,wait400ms,,,,,,,,,,,,,,,,,,,,,,,,,,,,,,"[{""started"": 4}]",,,,,,,,,,,,,,,,,,,,,,,,,,,,,,,,,
2024-08-02T20:17:23.281374000Z,,,wait400ms,,,,,,,,,,,,,,,,,,,,,,,,,,,,,,"[{""started"": 5}]",,,,,,,,,,,,,,,,,,,,,,,,,,,,,,,,,
2024-08-02T20:24:30.842572000Z,,,wait400ms,,,,,,,,,,,,,,,,,,,,,,,,,,,,,,"[{""started"": 5}]",,,,,,,,,,,,,,,,,,,,,,,,,,,,,,,,,
2024-08-02T20:57:45.282879000Z,,,wait300ms,,,,,,,,,,,,,,,,,,,,,,,,,,,,,,"[{""started"": 1}]",,,,,,,,,,,,,,,,,,,,,,,,,,,,,,,,,
2024-08-02T21:49:58.080987000Z,,,wait100ms,,,,,,,,,,,,,,,,,,,,,,,,,,,,,,"[{""started"": 1}, {""started"": 3}]",,,,,,,,,,,,,,,,,,,,,,,,,,,,,,,,,
2024-08-02T22:07:30.282030000Z,,,wait300ms,,,,,,,,,,,,,,,,,,,,,,,,,,,,,,"[{""started"": 3}]",,,,,,,,,,,,,,,,,,,,,,,,,,,,,,,,,
2024-08-02T23:45:54.638449000Z,,,wait100ms,,,,,,,,,,,,,,,,,,,,,,,,,,,,,,"[{""started"": 3}, {""started"": 1}, {""started"": 3}]",,,,,,,,,,,,,,,,,,,,,,,,,,,,,,,,,
2024-08-03T00:17:38.554658000Z,,,wait400ms,,,,,,,,,,,,,,,,,,,,,,,,,,,,,,"[{""started"": 3}, {""started"": 3}]",,,,,,,,,,,,,,,,,,,,,,,,,,,,,,,,,
2024-08-03T01:29:36.182275000Z,,,wait300ms,,,,,,,,,,,,,,,,,,,,,,,,,,,,,,"[{""started"": 4}]",,,,,,,,,,,,,,,,,,,,,,,,,,,,,,,,,
2024-08-03T02:13:00.463970000Z,,,wait400ms,,,,,,,,,,,,,,,,,,,,,,,,,,,,,,"[{""started"": 3}]",,,,,,,,,,,,,,,,,,,,,,,,,,,,,,,,,
2024-08-03T04:45:53.949218000Z,,,wait200ms,,,,,,,,,,,,,,,,,,,,,,,,,,,,,,"[{""started"": 2}, {""started"": 1}, {""started"": 3}]",,,,,,,,,,,,,,,,,,,,,,,,,,,,,,,,,
2024-08-03T07:48:22.107799000Z,,,wait200ms,,,,,,,,,,,,,,,,,,,,,,,,,,,,,,"[{""started"": 1}, {""started"": 1}, {""started"": 1}]",,,,,,,,,,,,,,,,,,,,,,,,,,,,,,,,,
2024-08-03T09:31:47.651229000Z,,,wait400ms,,,,,,,,,,,,,,,,,,,,,,,,,,,,,,"[{""started"": 1}]",,,,,,,,,,,,,,,,,,,,,,,,,,,,,,,,,
2024-08-03T09:42:52.371263000Z,,,wait200ms,,,,,,,,,,,,,,,,,,,,,,,,,,,,,,"[{""started"": 2}, {""started"": 3}]",,,,,,,,,,,,,,,,,,,,,,,,,,,,,,,,,
2024-08-03T09:56:37.309291000Z,,,wait300ms,,,,,,,,,,,,,,,,,,,,,,,,,,,,,,"[{""started"": 3}, {""started"": 3}, {""started"": 5}]",,,,,,,,,,,,,,,,,,,,,,,,,,,,,,,,,
2024-08-03T10:13:02.908188000Z,,,wait100ms,,,,,,,,,,,,,,,,,,,,,,,,,,,,,,"[{""started"": 3}, {""started"": 1}, {""started"": 2}]",,,,,,,,,,,,,,,,,,,,,,,,,,,,,,,,,
2024-08-03T10:15:03.959581000Z,,,wait400ms,,,,,,,,,,,,,,,,,,,,,,,,,,,,,,"[{""started"": 1}]",,,,,,,,,,,,,,,,,,,,,,,,,,,,,,,,,
2024-08-03T10:24:17.962661000Z,,,wait100ms,,,,,,,,,,,,,,,,,,,,,,,,,,,,,,"[{""started"": 3}, {""started"": 3}, {""started"": 1}]",,,,,,,,,,,,,,,,,,,,,,,,,,,,,,,,,
2024-08-03T11:44:06.849580000Z,,,wait400ms,,,,,,,,,,,,,,,,,,,,,,,,,,,,,,"[{""started"": 1}, {""started"": 1}]",,,,,,,,,,,,,,,,,,,,,,,,,,,,,,,,,
2024-08-03T11:57:55.720871000Z,,,wait200ms,,,,,,,,,,,,,,,,,,,,,,,,,,,,,,"[{""started"": 1}, {""started"": 1}, {""started"": 2}]",,,,,,,,,,,,,,,,,,,,,,,,,,,,,,,,,
2024-08-03T12:57:47.825159000Z,,,wait300ms,,,,,,,,,,,,,,,,,,,,,,,,,,,,,,"[{""started"": 3}, {""started"": 4}, {""started"": 2}]",,,,,,,,,,,,,,,,,,,,,,,,,,,,,,,,,
2024-08-03T13:00:46.331186000Z,,,wait400ms,,,,,,,,,,,,,,,,,,,,,,,,,,,,,,"[{""started"": 5}, {""started"": 5}, {""started"": 5}]",,,,,,,,,,,,,,,,,,,,,,,,,,,,,,,,,
2024-08-03T13:24:20.161152000Z,,,wait300ms,,,,,,,,,,,,,,,,,,,,,,,,,,,,,,"[{""started"": 3}, {""started"": 3}]",,,,,,,,,,,,,,,,,,,,,,,,,,,,,,,,,
2024-08-03T15:02:10.470485000Z,,,wait400ms,,,,,,,,,,,,,,,,,,,,,,,,,,,,,,"[{""started"": 2}, {""started"": 3}]",,,,,,,,,,,,,,,,,,,,,,,,,,,,,,,,,
2024-08-03T16:43:45.735153000Z,,,wait100ms,,,,,,,,,,,,,,,,,,,,,,,,,,,,,,"[{""started"": 1}]",,,,,,,,,,,,,,,,,,,,,,,,,,,,,,,,,
2024-08-03T18:34:42.875998000Z,,,wait200ms,,,,,,,,,,,,,,,,,,,,,,,,,,,,,,"[{""started"": 1}, {""started"": 3}]",,,,,,,,,,,,,,,,,,,,,,,,,,,,,,,,,
2024-08-03T18:49:10.560610000Z,,,wait100ms,,,,,,,,,,,,,,,,,,,,,,,,,,,,,,"[{""started"": 3}, {""started"": 3}, {""started"": 2}]",,,,,,,,,,,,,,,,,,,,,,,,,,,,,,,,,
2024-08-03T23:17:34.633372000Z,,,wait200ms,,,,,,,,,,,,,,,,,,,,,,,,,,,,,,"[{""started"": 2}, {""started"": 1}]",,,,,,,,,,,,,,,,,,,,,,,,,,,,,,,,,
2024-08-04T00:37:10.891350000Z,,,wait300ms,,,,,,,,,,,,,,,,,,,,,,,,,,,,,,"[{""started"": 1}, {""started"": 4}, {""started"": 4}]",,,,,,,,,,,,,,,,,,,,,,,,,,,,,,,,,
2024-08-04T00:41:59.489176000Z,,,wait200ms,,,,,,,,,,,,,,,,,,,,,,,,,,,,,,"[{""started"": 4}]",,,,,,,,,,,,,,,,,,,,,,,,,,,,,,,,,
2024-08-04T02:46:43.710521000Z,,,wait200ms,,,,,,,,,,,,,,,,,,,,,,,,,,,,,,"[{""started"": 2}, {""started"": 3}, {""started"": 2}]",,,,,,,,,,,,,,,,,,,,,,,,,,,,,,,,,
2024-08-04T02:46:50.828275000Z,,,wait400ms,,,,,,,,,,,,,,,,,,,,,,,,,,,,,,"[{""started"": 3}, {""started"": 2}]",,,,,,,,,,,,,,,,,,,,,,,,,,,,,,,,,
2024-08-04T04:37:03.692319000Z,,,wait300ms,,,,,,,,,,,,,,,,,,,,,,,,,,,,,,"[{""started"": 1}, {""started"": 1}, {""started"": 1}]",,,,,,,,,,,,,,,,,,,,,,,,,,,,,,,,,
2024-08-04T08:27:01.865798000Z,,,wait300ms,,,,,,,,,,,,,,,,,,,,,,,,,,,,,,"[{""started"": 3}, {""started"": 5}]",,,,,,,,,,,,,,,,,,,,,,,,,,,,,,,,,
2024-08-04T08:57:24.237938000Z,,,wait300ms,,,,,,,,,,,,,,,,,,,,,,,,,,,,,,"[{""started"": 3}]",,,,,,,,,,,,,,,,,,,,,,,,,,,,,,,,,
2024-08-04T10:52:14.611527000Z,,,wait300ms,,,,,,,,,,,,,,,,,,,,,,,,,,,,,,"[{""started"": 3}]",,,,,,,,,,,,,,,,,,,,,,,,,,,,,,,,,
2024-08-04T11:20:27.929976000Z,,,wait300ms,,,,,,,,,,,,,,,,,,,,,,,,,,,,,,"[{""started"": 4}]",,,,,,,,,,,,,,,,,,,,,,,,,,,,,,,,,
2024-08-04T11:30:14.564446000Z,,,wait300ms,,,,,,,,,,,,,,,,,,,,,,,,,,,,,,"[{""started"": 2}]",,,,,,,,,,,,,,,,,,,,,,,,,,,,,,,,,
2024-08-04T11:32:24.801819000Z,,,wait400ms,,,,,,,,,,,,,,,,,,,,,,,,,,,,,,"[{""started"": 2}, {""started"": 1}]",,,,,,,,,,,,,,,,,,,,,,,,,,,,,,,,,
2024-08-04T16:27:08.359888000Z,,,wait200ms,,,,,,,,,,,,,,,,,,,,,,,,,,,,,,"[{""started"": 4}]",,,,,,,,,,,,,,,,,,,,,,,,,,,,,,,,,
2024-08-04T16:49:24.009829000Z,,,wait400ms,,,,,,,,,,,,,,,,,,,,,,,,,,,,,,"[{""started"": 4}, {""started"": 3}, {""started"": 4}]",,,,,,,,,,,,,,,,,,,,,,,,,,,,,,,,,
2024-08-04T18:05:47.334670000Z,,,wait100ms,,,,,,,,,,,,,,,,,,,,,,,,,,,,,,"[{""started"": 4}]",,,,,,,,,,,,,,,,,,,,,,,,,,,,,,,,,
2024-08-04T18:15:44.293178000Z,,,wait200ms,,,,,,,,,,,,,,,,,,,,,,,,,,,,,,"[{""started"": 2}, {""started"": 3}]",,,,,,,,,,,,,,,,,,,,,,,,,,,,,,,,,
2024-08-04T19:43:08.810059000Z,,,wait400ms,,,,,,,,,,,,,,,,,,,,,,,,,,,,,,"[{""started"": 4}]",,,,,,,,,,,,,,,,,,,,,,,,,,,,,,,,,
2024-08-04T20:30:53.920277000Z,,,wait400ms,,,,,,,,,,,,,,,,,,,,,,,,,,,,,,"[{""started"": 1}, {""started"": 1}, {""started"": 5}]",,,,,,,,,,,,,,,,,,,,,,,,,,,,,,,,,
2024-08-04T21:00:27.643551000Z,,,wait100ms,,,,,,,,,,,,,,,,,,,,,,,,,,,,,,"[{""started"": 2}]",,,,,,,,,,,,,,,,,,,,,,,,,,,,,,,,,
2024-08-04T22:01:50.428403000Z,,,wait200ms,,,,,,,,,,,,,,,,,,,,,,,,,,,,,,"[{""started"": 3}, {""started"": 3}]",,,,,,,,,,,,,,,,,,,,,,,,,,,,,,,,,
2024-08-05T02:02:18.650153000Z,,,wait200ms,,,,,,,,,,,,,,,,,,,,,,,,,,,,,,"[{""started"": 1}, {""started"": 4}, {""started"": 2}]",,,,,,,,,,,,,,,,,,,,,,,,,,,,,,,,,
2024-08-05T02:58:47.753679000Z,,,wait400ms,,,,,,,,,,,,,,,,,,,,,,,,,,,,,,"[{""started"": 2}, {""started"": 2}, {""started"": 5}]",,,,,,,,,,,,,,,,,,,,,,,,,,,,,,,,,
2024-08-05T03:18:39.258617000Z,,,wait400ms,,,,,,,,,,,,,,,,,,,,,,,,,,,,,,"[{""started"": 5}, {""started"": 1}]",,,,,,,,,,,,,,,,,,,,,,,,,,,,,,,,,
2024-08-05T04:51:21.047602000Z,,,wait200ms,,,,,,,,,,,,,,,,,,,,,,,,,,,,,,"[{""started"": 1}]",,,,,,,,,,,,,,,,,,,,,,,,,,,,,,,,,
2024-08-05T05:53:45.548642000Z,,,wait300ms,,,,,,,,,,,,,,,,,,,,,,,,,,,,,,"[{""started"": 2}, {""started"": 1}, {""started"": 3}]",,,,,,,,,,,,,,,,,,,,,,,,,,,,,,,,,
2024-08-05T06:02:01.862514000Z,,,wait400ms,,,,,,,,,,,,,,,,,,,,,,,,,,,,,,"[{""started"": 2}, {""started"": 1}]",,,,,,,,,,,,,,,,,,,,,,,,,,,,,,,,,
2024-08-05T06:24:05.954813000Z,,,wait100ms,,,,,,,,,,,,,,,,,,,,,,,,,,,,,,"[{""started"": 5}]",,,,,,,,,,,,,,,,,,,,,,,,,,,,,,,,,
2024-08-05T07:55:49.127462000Z,,,wait200ms,,,,,,,,,,,,,,,,,,,,,,,,,,,,,,"[{""started"": 4}, {""started"": 4}]",,,,,,,,,,,,,,,,,,,,,,,,,,,,,,,,,
2024-08-05T09:02:47.439469000Z,,,wait200ms,,,,,,,,,,,,,,,,,,,,,,,,,,,,,,"[{""started"": 1}]",,,,,,,,,,,,,,,,,,,,,,,,,,,,,,,,,
2024-08-05T09:10:15.259863000Z,,,wait200ms,,,,,,,,,,,,,,,,,,,,,,,,,,,,,,"[{""started"": 5}]",,,,,,,,,,,,,,,,,,,,,,,,,,,,,,,,,
2024-08-05T09:13:44.103009000Z,,,wait400ms,,,,,,,,,,,,,,,,,,,,,,,,,,,,,,"[{""started"": 4}]",,,,,,,,,,,,,,,,,,,,,,,,,,,,,,,,,
2024-08-05T09:28:15.541779000Z,,,wait200ms,,,,,,,,,,,,,,,,,,,,,,,,,,,,,,"[{""started"": 1}, {""started"": 5}]",,,,,,,,,,,,,,,,,,,,,,,,,,,,,,,,,
2024-08-05T10:26:46.385541000Z,,,wait100ms,,,,,,,,,,,,,,,,,,,,,,,,,,,,,,"[{""started"": 1}, {""started"": 3}]",,,,,,,,,,,,,,,,,,,,,,,,,,,,,,,,,
2024-08-05T13:05:30.817436000Z,,,wait100ms,,,,,,,,,,,,,,,,,,,,,,,,,,,,,,"[{""started"": 1}]",,,,,,,,,,,,,,,,,,,,,,,,,,,,,,,,,
2024-08-05T15:42:51.972421000Z,,,wait200ms,,,,,,,,,,,,,,,,,,,,,,,,,,,,,,"[{""started"": 1}]",,,,,,,,,,,,,,,,,,,,,,,,,,,,,,,,,
2024-08-05T17:05:10.506433000Z,,,wait400ms,,,,,,,,,,,,,,,,,,,,,,,,,,,,,,"[{""started"": 5}, {""started"": 4}, {""started"": 5}]",,,,,,,,,,,,,,,,,,,,,,,,,,,,,,,,,
2024-08-05T17:37:23.261922000Z,,,wait400ms,,,,,,,,,,,,,,,,,,,,,,,,,,,,,,"[{""started"": 5}, {""started"": 5}]",,,,,,,,,,,,,,,,,,,,,,,,,,,,,,,,,
2024-08-05T19:44:35.681444000Z,,,wait100ms,,,,,,,,,,,,,,,,,,,,,,,,,,,,,,"[{""started"": 3}, {""started"": 1}]",,,,,,,,,,,,,,,,,,,,,,,,,,,,,,,,,
2024-08-05T19:52:35.021559000Z,,,wait400ms,,,,,,,,,,,,,,,,,,,,,,,,,,,,,,"[{""started"": 2}]",,,,,,,,,,,,,,,,,,,,,,,,,,,,,,,,,
2024-08-05T22:28:40.434130000Z,,,wait200ms,,,,,,,,,,,,,,,,,,,,,,,,,,,,,,"[{""started"": 4}, {""started"": 4}]",,,,,,,,,,,,,,,,,,,,,,,,,,,,,,,,,
2024-08-06T02:13:11.635693000Z,,,wait400ms,,,,,,,,,,,,,,,,,,,,,,,,,,,,,,"[{""started"": 14}, {""started"": 13}, {""started"": 12}, {""started"": 12}, {""started"": 14}, {""started"": 13}, {""started"": 14}, {""started"": 11}, {""started"": 11}]",,,,,,,,,,,,,,,,,,,,,,,,,,,,,,,,,
2024-08-06T02:43:38.152991000Z,,,wait400ms,,,,,,,,,,,,,,,,,,,,,,,,,,,,,,"[{""started"": 15}, {""started"": 12}, {""started"": 15}, {""started"": 15}, {""started"": 12}]",,,,,,,,,,,,,,,,,,,,,,,,,,,,,,,,,
2024-08-06T04:52:47.444235000Z,,,wait200ms,,,,,,,,,,,,,,,,,,,,,,,,,,,,,,"[{""started"": 15}, {""started"": 12}, {""started"": 12}, {""started"": 14}, {""started"": 12}, {""started"": 14}, {""started"": 15}, {""started"": 11}]",,,,,,,,,,,,,,,,,,,,,,,,,,,,,,,,,
2024-08-06T07:49:05.506426000Z,,,wait400ms,,,,,,,,,,,,,,,,,,,,,,,,,,,,,,"[{""started"": 14}, {""started"": 15}, {""started"": 14}, {""started"": 14}, {""started"": 12}]",,,,,,,,,,,,,,,,,,,,,,,,,,,,,,,,,
2024-08-06T11:49:27.367615000Z,,,wait100ms,,,,,,,,,,,,,,,,,,,,,,,,,,,,,,"[{""started"": 11}, {""started"": 15}, {""started"": 11}, {""started"": 12}, {""started"": 12}, {""started"": 12}]",,,,,,,,,,,,,,,,,,,,,,,,,,,,,,,,,
2024-08-06T11:58:29.356940000Z,,,wait100ms,,,,,,,,,,,,,,,,,,,,,,,,,,,,,,"[{""started"": 15}, {""started"": 12}, {""started"": 12}, {""started"": 14}, {""started"": 15}]",,,,,,,,,,,,,,,,,,,,,,,,,,,,,,,,,
2024-08-06T13:40:37.211292000Z,,,wait200ms,,,,,,,,,,,,,,,,,,,,,,,,,,,,,,"[{""started"": 12}, {""started"": 14}, {""started"": 13}, {""started"": 11}, {""started"": 15}, {""started"": 11}, {""started"": 14}, {""started"": 11}, {""started"": 15}]",,,,,,,,,,,,,,,,,,,,,,,,,,,,,,,,,
2024-08-06T13:58:06.588845000Z,,,wait200ms,,,,,,,,,,,,,,,,,,,,,,,,,,,,,,"[{""started"": 15}, {""started"": 15}, {""started"": 12}, {""started"": 11}, {""started"": 11}, {""started"": 12}, {""started"": 12}, {""started"": 13}, {""started"": 11}]",,,,,,,,,,,,,,,,,,,,,,,,,,,,,,,,,
2024-08-06T15:01:13.006992000Z,,,wait300ms,,,,,,,,,,,,,,,,,,,,,,,,,,,,,,"[{""started"": 14}, {""started"": 11}, {""started"": 15}, {""started"": 14}, {""started"": 11}, {""started"": 13}, {""started"": 14}]",,,,,,,,,,,,,,,,,,,,,,,,,,,,,,,,,
2024-08-06T17:09:51.864883000Z,,,wait100ms,,,,,,,,,,,,,,,,,,,,,,,,,,,,,,"[{""started"": 11}, {""started"": 15}, {""started"": 11}, {""started"": 13}, {""started"": 14}, {""started"": 12}, {""started"": 15}, {""started"": 11}, {""started"": 11}]",,,,,,,,,,,,,,,,,,,,,,,,,,,,,,,,,
2024-08-06T18:31:17.260495000Z,,,wait200ms,,,,,,,,,,,,,,,,,,,,,,,,,,,,,,"[{""started"": 14}, {""started"": 14}, {""started"": 13}, {""started"": 13}, {""started"": 15}, {""started"": 15}]",,,,,,,,,,,,,,,,,,,,,,,,,,,,,,,,,
2024-08-06T18:40:42.801179000Z,,,wait100ms,,,,,,,,,,,,,,,,,,,,,,,,,,,,,,"[{""started"": 14}, {""started"": 14}, {""started"": 11}, {""started"": 12}, {""started"": 13}, {""started"": 13}, {""started"": 15}]",,,,,,,,,,,,,,,,,,,,,,,,,,,,,,,,,
2024-08-06T19:48:00.644734000Z,,,wait300ms,,,,,,,,,,,,,,,,,,,,,,,,,,,,,,"[{""started"": 14}, {""started"": 13}, {""started"": 11}, {""started"": 15}, {""started"": 15}]",,,,,,,,,,,,,,,,,,,,,,,,,,,,,,,,,
2024-08-06T22:01:53.962416000Z,,,wait300ms,,,,,,,,,,,,,,,,,,,,,,,,,,,,,,"[{""started"": 15}, {""started"": 14}, {""started"": 14}, {""started"": 13}, {""started"": 11}]",,,,,,,,,,,,,,,,,,,,,,,,,,,,,,,,,
2024-08-06T22:04:20.000326000Z,,,wait400ms,,,,,,,,,,,,,,,,,,,,,,,,,,,,,,"[{""started"": 11}, {""started"": 15}, {""started"": 12}, {""started"": 15}, {""started"": 14}, {""started"": 11}, {""started"": 11}, {""started"": 13}]",,,,,,,,,,,,,,,,,,,,,,,,,,,,,,,,,
2024-08-06T22:27:59.933643000Z,,,wait100ms,,,,,,,,,,,,,,,,,,,,,,,,,,,,,,"[{""started"": 13}, {""started"": 15}, {""started"": 11}, {""started"": 13}, {""started"": 14}, {""started"": 12}, {""started"": 14}]",,,,,,,,,,,,,,,,,,,,,,,,,,,,,,,,,
2024-08-06T22:37:37.738977000Z,,,wait400ms,,,,,,,,,,,,,,,,,,,,,,,,,,,,,,"[{""started"": 13}, {""started"": 14}, {""started"": 13}, {""started"": 14}, {""started"": 12}, {""started"": 15}, {""started"": 12}, {""started"": 15}, {""started"": 13}]",,,,,,,,,,,,,,,,,,,,,,,,,,,,,,,,,
2024-08-07T00:03:34.016853000Z,,,wait200ms,,,,,,,,,,,,,,,,,,,,,,,,,,,,,,"[{""started"": 13}, {""started"": 14}, {""started"": 11}, {""started"": 14}, {""started"": 13}, {""started"": 14}, {""started"": 15}, {""started"": 13}, {""started"": 13}]",,,,,,,,,,,,,,,,,,,,,,,,,,,,,,,,,
2024-08-07T00:16:52.578901000Z,,,wait300ms,,,,,,,,,,,,,,,,,,,,,,,,,,,,,,"[{""started"": 15}, {""started"": 11}, {""started"": 15}, {""started"": 11}, {""started"": 15}, {""started"": 12}, {""started"": 11}, {""started"": 12}]",,,,,,,,,,,,,,,,,,,,,,,,,,,,,,,,,
2024-08-07T00:42:05.744567000Z,,,wait200ms,,,,,,,,,,,,,,,,,,,,,,,,,,,,,,"[{""started"": 13}, {""started"": 15}, {""started"": 14}, {""started"": 12}, {""started"": 11}, {""started"": 15}, {""started"": 15}, {""started"": 14}, {""started"": 11}]",,,,,,,,,,,,,,,,,,,,,,,,,,,,,,,,,
2024-08-07T00:54:15.321281000Z,,,wait100ms,,,,,,,,,,,,,,,,,,,,,,,,,,,,,,"[{""started"": 12}, {""started"": 14}, {""started"": 15}, {""started"": 15}]",,,,,,,,,,,,,,,,,,,,,,,,,,,,,,,,,
2024-08-07T02:19:21.124117000Z,,,wait100ms,,,,,,,,,,,,,,,,,,,,,,,,,,,,,,"[{""started"": 12}, {""started"": 15}, {""started"": 14}, {""started"": 11}, {""started"": 11}, {""started"": 14}, {""started"": 13}, {""started"": 13}, {""started"": 13}]",,,,,,,,,,,,,,,,,,,,,,,,,,,,,,,,,
2024-08-07T05:52:04.763855000Z,,,wait400ms,,,,,,,,,,,,,,,,,,,,,,,,,,,,,,"[{""started"": 11}, {""started"": 15}, {""started"": 15}, {""started"": 14}, {""started"": 14}, {""started"": 14}, {""started"": 12}]",,,,,,,,,,,,,,,,,,,,,,,,,,,,,,,,,
2024-08-07T10:23:22.051970000Z,,,wait100ms,,,,,,,,,,,,,,,,,,,,,,,,,,,,,,"[{""started"": 15}, {""started"": 11}, {""started"": 12}, {""started"": 15}, {""started"": 12}, {""started"": 14}, {""started"": 14}, {""started"": 14}, {""started"": 13}]",,,,,,,,,,,,,,,,,,,,,,,,,,,,,,,,,
2024-08-07T10:44:57.969177000Z,,,wait300ms,,,,,,,,,,,,,,,,,,,,,,,,,,,,,,"[{""started"": 12}, {""started"": 12}, {""started"": 14}, {""started"": 14}]",,,,,,,,,,,,,,,,,,,,,,,,,,,,,,,,,
2024-08-07T11:09:09.497319000Z,,,wait100ms,,,,,,,,,,,,,,,,,,,,,,,,,,,,,,"[{""started"": 12}, {""started"": 13}, {""started"": 14}, {""started"": 14}, {""started"": 15}, {""started"": 15}, {""started"": 15}, {""started"": 13}]",,,,,,,,,,,,,,,,,,,,,,,,,,,,,,,,,
2024-08-07T11:59:31.364406000Z,,,wait300ms,,,,,,,,,,,,,,,,,,,,,,,,,,,,,,"[{""started"": 13}, {""started"": 12}, {""started"": 14}, {""started"": 11}, {""started"": 15}, {""started"": 15}, {""started"": 15}, {""started"": 13}, {""started"": 14}]",,,,,,,,,,,,,,,,,,,,,,,,,,,,,,,,,
2024-08-07T12:42:50.361931000Z,,,wait200ms,,,,,,,,,,,,,,,,,,,,,,,,,,,,,,"[{""started"": 15}, {""started"": 11}, {""started"": 13}, {""started"": 13}, {""started"": 13}, {""started"": 13}]",,,,,,,,,,,,,,,,,,,,,,,,,,,,,,,,,
2024-08-07T14:29:18.700690000Z,,,wait200ms,,,,,,,,,,,,,,,,,,,,,,,,,,,,,,"[{""started"": 11}, {""started"": 12}, {""started"": 11}, {""started"": 14}, {""started"": 15}, {""started"": 11}]",,,,,,,,,,,,,,,,,,,,,,,,,,,,,,,,,
2024-08-07T14:48:33.233601000Z,,,wait100ms,,,,,,,,,,,,,,,,,,,,,,,,,,,,,,"[{""started"": 14}, {""started"": 11}, {""started"": 12}, {""started"": 12}, {""started"": 14}, {""started"": 15}, {""started"": 15}]",,,,,,,,,,,,,,,,,,,,,,,,,,,,,,,,,
2024-08-07T15:32:38.527111000Z,,,wait200ms,,,,,,,,,,,,,,,,,,,,,,,,,,,,,,"[{""started"": 15}, {""started"": 13}, {""started"": 15}, {""started"": 11}, {""started"": 13}]",,,,,,,,,,,,,,,,,,,,,,,,,,,,,,,,,
2024-08-07T16:06:58.528339000Z,,,wait300ms,,,,,,,,,,,,,,,,,,,,,,,,,,,,,,"[{""started"": 14}, {""started"": 11}, {""started"": 13}, {""started"": 12}, {""started"": 14}]",,,,,,,,,,,,,,,,,,,,,,,,,,,,,,,,,
2024-08-07T19:03:02.187030000Z,,,wait200ms,,,,,,,,,,,,,,,,,,,,,,,,,,,,,,"[{""started"": 15}, {""started"": 15}, {""started"": 14}, {""started"": 14}, {""started"": 12}, {""started"": 14}]",,,,,,,,,,,,,,,,,,,,,,,,,,,,,,,,,
2024-08-07T19:18:06.179172000Z,,,wait100ms,,,,,,,,,,,,,,,,,,,,,,,,,,,,,,"[{""started"": 13}, {""started"": 11}, {""started"": 12}, {""started"": 11}]",,,,,,,,,,,,,,,,,,,,,,,,,,,,,,,,,
2024-08-07T21:24:25.108727000Z,,,wait300ms,,,,,,,,,,,,,,,,,,,,,,,,,,,,,,"[{""started"": 13}, {""started"": 12}, {""started"": 13}, {""started"": 14}, {""started"": 13}, {""started"": 15}]",,,,,,,,,,,,,,,,,,,,,,,,,,,,,,,,,
2024-08-07T21:54:56.077735000Z,,,wait300ms,,,,,,,,,,,,,,,,,,,,,,,,,,,,,,"[{""started"": 12}, {""started"": 12}, {""started"": 14}, {""started"": 12}, {""started"": 15}, {""started"": 11}, {""started"": 11}]",,,,,,,,,,,,,,,,,,,,,,,,,,,,,,,,,
2024-08-07T22:22:46.571546000Z,,,wait100ms,,,,,,,,,,,,,,,,,,,,,,,,,,,,,,"[{""started"": 14}, {""started"": 11}, {""started"": 14}, {""started"": 14}, {""started"": 11}, {""started"": 13}, {""started"": 15}, {""started"": 15}]",,,,,,,,,,,,,,,,,,,,,,,,,,,,,,,,,
2024-08-07T22:45:27.105919000Z,,,wait400ms,,,,,,,,,,,,,,,,,,,,,,,,,,,,,,"[{""started"": 12}, {""started"": 14}, {""started"": 15}, {""started"": 12}, {""started"": 12}, {""started"": 15}, {""started"": 13}]",,,,,,,,,,,,,,,,,,,,,,,,,,,,,,,,,
2024-08-07T22:56:47.394522000Z,,,wait100ms,,,,,,,,,,,,,,,,,,,,,,,,,,,,,,"[{""started"": 13}, {""started"": 14}, {""started"": 14}, {""started"": 11}, {""started"": 13}, {""started"": 15}, {""started"": 15}, {""started"": 13}, {""started"": 15}]",,,,,,,,,,,,,,,,,,,,,,,,,,,,,,,,,
2024-08-07T23:33:30.532790000Z,,,wait200ms,,,,,,,,,,,,,,,,,,,,,,,,,,,,,,"[{""started"": 15}, {""started"": 12}, {""started"": 12}, {""started"": 11}, {""started"": 14}, {""started"": 13}, {""started"": 12}]",,,,,,,,,,,,,,,,,,,,,,,,,,,,,,,,,
2024-08-08T01:05:13.277038000Z,,,wait100ms,,,,,,,,,,,,,,,,,,,,,,,,,,,,,,"[{""started"": 1}, {""started"": 2}, {""started"": 1}]",,,,,,,,,,,,,,,,,,,,,,,,,,,,,,,,,
2024-08-08T01:16:08.804878000Z,,,wait400ms,,,,,,,,,,,,,,,,,,,,,,,,,,,,,,"[{""started"": 5}, {""started"": 4}, {""started"": 3}]",,,,,,,,,,,,,,,,,,,,,,,,,,,,,,,,,
2024-08-08T01:16:25.863391000Z,,,wait100ms,,,,,,,,,,,,,,,,,,,,,,,,,,,,,,"[{""started"": 4}, {""started"": 3}, {""started"": 2}]",,,,,,,,,,,,,,,,,,,,,,,,,,,,,,,,,
2024-08-08T02:14:32.386956000Z,,,wait200ms,,,,,,,,,,,,,,,,,,,,,,,,,,,,,,"[{""started"": 4}, {""started"": 3}]",,,,,,,,,,,,,,,,,,,,,,,,,,,,,,,,,
2024-08-08T03:48:57.441054000Z,,,wait300ms,,,,,,,,,,,,,,,,,,,,,,,,,,,,,,"[{""started"": 5}]",,,,,,,,,,,,,,,,,,,,,,,,,,,,,,,,,
2024-08-08T05:31:00.880388000Z,,,wait400ms,,,,,,,,,,,,,,,,,,,,,,,,,,,,,,"[{""started"": 3}]",,,,,,,,,,,,,,,,,,,,,,,,,,,,,,,,,
2024-08-08T06:03:16.966165000Z,,,wait100ms,,,,,,,,,,,,,,,,,,,,,,,,,,,,,,"[{""started"": 3}, {""started"": 5}, {""started"": 4}]",,,,,,,,,,,,,,,,,,,,,,,,,,,,,,,,,
2024-08-08T06:42:09.877411000Z,,,wait200ms,,,,,,,,,,,,,,,,,,,,,,,,,,,,,,"[{""started"": 2}]",,,,,,,,,,,,,,,,,,,,,,,,,,,,,,,,,
2024-08-08T08:42:54.780777000Z,,,wait100ms,,,,,,,,,,,,,,,,,,,,,,,,,,,,,,"[{""started"": 5}, {""started"": 3}]",,,,,,,,,,,,,,,,,,,,,,,,,,,,,,,,,
2024-08-08T09:10:26.947695000Z,,,wait300ms,,,,,,,,,,,,,,,,,,,,,,,,,,,,,,"[{""started"": 4}, {""started"": 3}, {""started"": 1}]",,,,,,,,,,,,,,,,,,,,,,,,,,,,,,,,,
2024-08-08T10:20:41.020064000Z,,,wait400ms,,,,,,,,,,,,,,,,,,,,,,,,,,,,,,"[{""started"": 4}, {""started"": 2}]",,,,,,,,,,,,,,,,,,,,,,,,,,,,,,,,,
2024-08-08T10:59:18.427920000Z,,,wait200ms,,,,,,,,,,,,,,,,,,,,,,,,,,,,,,"[{""started"": 3}, {""started"": 5}, {""started"": 1}]",,,,,,,,,,,,,,,,,,,,,,,,,,,,,,,,,
2024-08-08T12:11:33.014907000Z,,,wait400ms,,,,,,,,,,,,,,,,,,,,,,,,,,,,,,"[{""started"": 3}, {""started"": 3}]",,,,,,,,,,,,,,,,,,,,,,,,,,,,,,,,,
2024-08-08T13:13:40.747168000Z,,,wait200ms,,,,,,,,,,,,,,,,,,,,,,,,,,,,,,"[{""started"": 5}, {""started"": 4}, {""started"": 5}]",,,,,,,,,,,,,,,,,,,,,,,,,,,,,,,,,
2024-08-08T14:38:31.911228000Z,,,wait100ms,,,,,,,,,,,,,,,,,,,,,,,,,,,,,,"[{""started"": 1}, {""started"": 4}]",,,,,,,,,,,,,,,,,,,,,,,,,,,,,,,,,
2024-08-08T15:03:16.781789000Z,,,wait100ms,,,,,,,,,,,,,,,,,,,,,,,,,,,,,,"[{""started"": 4}, {""started"": 3}]",,,,,,,,,,,,,,,,,,,,,,,,,,,,,,,,,
2024-08-08T15:18:23.115054000Z,,,wait100ms,,,,,,,,,,,,,,,,,,,,,,,,,,,,,,"[{""started"": 5}]",,,,,,,,,,,,,,,,,,,,,,,,,,,,,,,,,
2024-08-08T17:00:27.638202000Z,,,wait300ms,,,,,,,,,,,,,,,,,,,,,,,,,,,,,,"[{""started"": 4}]",,,,,,,,,,,,,,,,,,,,,,,,,,,,,,,,,
2024-08-08T17:57:59.901547000Z,,,wait100ms,,,,,,,,,,,,,,,,,,,,,,,,,,,,,,"[{""started"": 4}, {""started"": 2}, {""started"": 2}]",,,,,,,,,,,,,,,,,,,,,,,,,,,,,,,,,
2024-08-08T18:10:32.592995000Z,,,wait400ms,,,,,,,,,,,,,,,,,,,,,,,,,,,,,,"[{""started"": 5}]",,,,,,,,,,,,,,,,,,,,,,,,,,,,,,,,,
2024-08-08T18:49:38.774215000Z,,,wait100ms,,,,,,,,,,,,,,,,,,,,,,,,,,,,,,"[{""started"": 2}, {""started"": 2}]",,,,,,,,,,,,,,,,,,,,,,,,,,,,,,,,,
2024-08-08T20:34:45.885742000Z,,,wait300ms,,,,,,,,,,,,,,,,,,,,,,,,,,,,,,"[{""started"": 1}]",,,,,,,,,,,,,,,,,,,,,,,,,,,,,,,,,
2024-08-08T20:47:46.654125000Z,,,wait100ms,,,,,,,,,,,,,,,,,,,,,,,,,,,,,,"[{""started"": 3}]",,,,,,,,,,,,,,,,,,,,,,,,,,,,,,,,,
2024-08-08T22:16:42.666008000Z,,,wait400ms,,,,,,,,,,,,,,,,,,,,,,,,,,,,,,"[{""started"": 5}]",,,,,,,,,,,,,,,,,,,,,,,,,,,,,,,,,
2024-08-08T23:13:24.141361000Z,,,wait400ms,,,,,,,,,,,,,,,,,,,,,,,,,,,,,,"[{""started"": 3}, {""started"": 4}]",,,,,,,,,,,,,,,,,,,,,,,,,,,,,,,,,
2024-08-08T23:51:01.156111000Z,,,wait200ms,,,,,,,,,,,,,,,,,,,,,,,,,,,,,,"[{""started"": 4}, {""started"": 4}]",,,,,,,,,,,,,,,,,,,,,,,,,,,,,,,,,
2024-08-09T01:39:24.319818000Z,,,wait200ms,,,,,,,,,,,,,,,,,,,,,,,,,,,,,,"[{""started"": 2}]",,,,,,,,,,,,,,,,,,,,,,,,,,,,,,,,,
2024-08-09T03:27:49.120588000Z,,,wait300ms,,,,,,,,,,,,,,,,,,,,,,,,,,,,,,"[{""started"": 4}, {""started"": 4}, {""started"": 1}]",,,,,,,,,,,,,,,,,,,,,,,,,,,,,,,,,
2024-08-09T03:57:58.283981000Z,,,wait300ms,,,,,,,,,,,,,,,,,,,,,,,,,,,,,,"[{""started"": 4}, {""started"": 5}, {""started"": 3}]",,,,,,,,,,,,,,,,,,,,,,,,,,,,,,,,,
2024-08-09T04:57:16.670361000Z,,,wait300ms,,,,,,,,,,,,,,,,,,,,,,,,,,,,,,"[{""started"": 1}]",,,,,,,,,,,,,,,,,,,,,,,,,,,,,,,,,
2024-08-09T05:39:53.510886000Z,,,wait300ms,,,,,,,,,,,,,,,,,,,,,,,,,,,,,,"[{""started"": 2}]",,,,,,,,,,,,,,,,,,,,,,,,,,,,,,,,,
2024-08-09T07:00:26.416772000Z,,,wait400ms,,,,,,,,,,,,,,,,,,,,,,,,,,,,,,"[{""started"": 1}, {""started"": 5}, {""started"": 1}]",,,,,,,,,,,,,,,,,,,,,,,,,,,,,,,,,
2024-08-09T07:14:09.805725000Z,,,wait100ms,,,,,,,,,,,,,,,,,,,,,,,,,,,,,,"[{""started"": 4}, {""started"": 5}]",,,,,,,,,,,,,,,,,,,,,,,,,,,,,,,,,
2024-08-09T08:21:04.898314000Z,,,wait400ms,,,,,,,,,,,,,,,,,,,,,,,,,,,,,,"[{""started"": 3}]",,,,,,,,,,,,,,,,,,,,,,,,,,,,,,,,,
2024-08-09T08:44:27.896326000Z,,,wait100ms,,,,,,,,,,,,,,,,,,,,,,,,,,,,,,"[{""started"": 2}, {""started"": 4}, {""started"": 4}]",,,,,,,,,,,,,,,,,,,,,,,,,,,,,,,,,
2024-08-09T10:54:37.182216000Z,,,wait100ms,,,,,,,,,,,,,,,,,,,,,,,,,,,,,,"[{""started"": 5}]",,,,,,,,,,,,,,,,,,,,,,,,,,,,,,,,,
2024-08-09T11:24:48.258862000Z,,,wait300ms,,,,,,,,,,,,,,,,,,,,,,,,,,,,,,"[{""started"": 1}, {""started"": 5}]",,,,,,,,,,,,,,,,,,,,,,,,,,,,,,,,,
2024-08-09T11:59:55.115692000Z,,,wait300ms,,,,,,,,,,,,,,,,,,,,,,,,,,,,,,"[{""started"": 1}]",,,,,,,,,,,,,,,,,,,,,,,,,,,,,,,,,
2024-08-09T13:06:45.136655000Z,,,wait200ms,,,,,,,,,,,,,,,,,,,,,,,,,,,,,,"[{""started"": 5}, {""started"": 1}]",,,,,,,,,,,,,,,,,,,,,,,,,,,,,,,,,
2024-08-09T14:02:02.563868000Z,,,wait100ms,,,,,,,,,,,,,,,,,,,,,,,,,,,,,,"[{""started"": 4}, {""started"": 4}, {""started"": 2}]",,,,,,,,,,,,,,,,,,,,,,,,,,,,,,,,,
2024-08-09T14:12:59.905831000Z,,,wait300ms,,,,,,,,,,,,,,,,,,,,,,,,,,,,,,"[{""started"": 4}, {""started"": 3}, {""started"": 2}]",,,,,,,,,,,,,,,,,,,,,,,,,,,,,,,,,
2024-08-09T17:00:16.175185000Z,,,wait200ms,,,,,,,,,,,,,,,,,,,,,,,,,,,,,,"[{""started"": 2}]",,,,,,,,,,,,,,,,,,,,,,,,,,,,,,,,,
2024-08-09T17:48:32.776743000Z,,,wait100ms,,,,,,,,,,,,,,,,,,,,,,,,,,,,,,"[{""started"": 5}]",,,,,,,,,,,,,,,,,,,,,,,,,,,,,,,,,
2024-08-09T18:41:13.534112000Z,,,wait200ms,,,,,,,,,,,,,,,,,,,,,,,,,,,,,,"[{""started"": 4}, {""started"": 1}]",,,,,,,,,,,,,,,,,,,,,,,,,,,,,,,,,
2024-08-09T20:21:29.426725000Z,,,wait200ms,,,,,,,,,,,,,,,,,,,,,,,,,,,,,,"[{""started"": 2}, {""started"": 5}]",,,,,,,,,,,,,,,,,,,,,,,,,,,,,,,,,
2024-08-09T20:43:07.978073000Z,,,wait300ms,,,,,,,,,,,,,,,,,,,,,,,,,,,,,,"[{""started"": 4}, {""started"": 2}]",,,,,,,,,,,,,,,,,,,,,,,,,,,,,,,,,
2024-08-09T21:22:17.882863000Z,,,wait300ms,,,,,,,,,,,,,,,,,,,,,,,,,,,,,,"[{""started"": 4}, {""started"": 2}]",,,,,,,,,,,,,,,,,,,,,,,,,,,,,,,,,
2024-08-09T23:58:26.173376000Z,,,wait400ms,,,,,,,,,,,,,,,,,,,,,,,,,,,,,,"[{""started"": 2}, {""started"": 3}]",,,,,,,,,,,,,,,,,,,,,,,,,,,,,,,,,
2024-08-10T00:06:14.288442000Z,,,wait100ms,,,,,,,,,,,,,,,,,,,,,,,,,,,,,,"[{""started"": 4}, {""started"": 5}, {""started"": 1}]",,,,,,,,,,,,,,,,,,,,,,,,,,,,,,,,,
2024-08-10T04:39:22.785881000Z,,,wait400ms,,,,,,,,,,,,,,,,,,,,,,,,,,,,,,"[{""started"": 4}, {""started"": 4}]",,,,,,,,,,,,,,,,,,,,,,,,,,,,,,,,,
2024-08-10T04:40:21.917284000Z,,,wait300ms,,,,,,,,,,,,,,,,,,,,,,,,,,,,,,"[{""started"": 4}]",,,,,,,,,,,,,,,,,,,,,,,,,,,,,,,,,
2024-08-10T08:48:04.213474000Z,,,wait200ms,,,,,,,,,,,,,,,,,,,,,,,,,,,,,,"[{""started"": 2}, {""started"": 1}]",,,,,,,,,,,,,,,,,,,,,,,,,,,,,,,,,
2024-08-10T09:47:24.402211000Z,,,wait100ms,,,,,,,,,,,,,,,,,,,,,,,,,,,,,,"[{""started"": 4}, {""started"": 4}, {""started"": 1}]",,,,,,,,,,,,,,,,,,,,,,,,,,,,,,,,,
2024-08-10T09:56:17.086538000Z,,,wait200ms,,,,,,,,,,,,,,,,,,,,,,,,,,,,,,"[{""started"": 2}]",,,,,,,,,,,,,,,,,,,,,,,,,,,,,,,,,
2024-08-10T10:41:25.710315000Z,,,wait100ms,,,,,,,,,,,,,,,,,,,,,,,,,,,,,,"[{""started"": 3}, {""started"": 5}]",,,,,,,,,,,,,,,,,,,,,,,,,,,,,,,,,
2024-08-10T12:03:04.120093000Z,,,wait100ms,,,,,,,,,,,,,,,,,,,,,,,,,,,,,,"[{""started"": 5}]",,,,,,,,,,,,,,,,,,,,,,,,,,,,,,,,,
2024-08-10T12:39:09.062835000Z,,,wait300ms,,,,,,,,,,,,,,,,,,,,,,,,,,,,,,"[{""started"": 5}]",,,,,,,,,,,,,,,,,,,,,,,,,,,,,,,,,
2024-08-10T13:48:01.270377000Z,,,wait400ms,,,,,,,,,,,,,,,,,,,,,,,,,,,,,,"[{""started"": 4}, {""started"": 1}, {""started"": 4}]",,,,,,,,,,,,,,,,,,,,,,,,,,,,,,,,,
2024-08-10T14:29:05.943475000Z,,,wait300ms,,,,,,,,,,,,,,,,,,,,,,,,,,,,,,"[{""started"": 3}, {""started"": 1}]",,,,,,,,,,,,,,,,,,,,,,,,,,,,,,,,,
2024-08-10T16:11:45.874005000Z,,,wait200ms,,,,,,,,,,,,,,,,,,,,,,,,,,,,,,"[{""started"": 3}, {""started"": 3}, {""started"": 3}]",,,,,,,,,,,,,,,,,,,,,,,,,,,,,,,,,
2024-08-10T17:24:44.869499000Z,,,wait200ms,,,,,,,,,,,,,,,,,,,,,,,,,,,,,,"[{""started"": 4}]",,,,,,,,,,,,,,,,,,,,,,,,,,,,,,,,,
2024-08-10T18:05:48.842403000Z,,,wait400ms,,,,,,,,,,,,,,,,,,,,,,,,,,,,,,"[{""started"": 5}, {""started"": 2}]",,,,,,,,,,,,,,,,,,,,,,,,,,,,,,,,,
2024-08-10T21:45:20.537294000Z,,,wait200ms,,,,,,,,,,,,,,,,,,,,,,,,,,,,,,"[{""started"": 1}, {""started"": 4}, {""started"": 4}]",,,,,,,,,,,,,,,,,,,,,,,,,,,,,,,,,
2024-08-11T02:36:13.569984000Z,,,wait300ms,,,,,,,,,,,,,,,,,,,,,,,,,,,,,,"[{""started"": 3}, {""started"": 5}]",,,,,,,,,,,,,,,,,,,,,,,,,,,,,,,,,
2024-08-11T02:51:56.286646000Z,,,wait400ms,,,,,,,,,,,,,,,,,,,,,,,,,,,,,,"[{""started"": 2}]",,,,,,,,,,,,,,,,,,,,,,,,,,,,,,,,,
2024-08-11T07:08:59.120821000Z,,,wait100ms,,,,,,,,,,,,,,,,,,,,,,,,,,,,,,"[{""started"": 4}, {""started"": 5}, {""started"": 3}]",,,,,,,,,,,,,,,,,,,,,,,,,,,,,,,,,
2024-08-11T07:32:03.319698000Z,,,wait200ms,,,,,,,,,,,,,,,,,,,,,,,,,,,,,,"[{""started"": 1}, {""started"": 2}]",,,,,,,,,,,,,,,,,,,,,,,,,,,,,,,,,
2024-08-11T07:32:32.108070000Z,,,wait400ms,,,,,,,,,,,,,,,,,,,,,,,,,,,,,,"[{""started"": 2}, {""started"": 4}]",,,,,,,,,,,,,,,,,,,,,,,,,,,,,,,,,
2024-08-11T08:47:27.373752000Z,,,wait200ms,,,,,,,,,,,,,,,,,,,,,,,,,,,,,,"[{""started"": 4}]",,,,,,,,,,,,,,,,,,,,,,,,,,,,,,,,,
2024-08-11T10:12:08.175541000Z,,,wait100ms,,,,,,,,,,,,,,,,,,,,,,,,,,,,,,"[{""started"": 4}, {""started"": 3}, {""started"": 1}]",,,,,,,,,,,,,,,,,,,,,,,,,,,,,,,,,
2024-08-11T11:34:23.370972000Z,,,wait300ms,,,,,,,,,,,,,,,,,,,,,,,,,,,,,,"[{""started"": 3}]",,,,,,,,,,,,,,,,,,,,,,,,,,,,,,,,,
2024-08-11T13:03:21.971662000Z,,,wait100ms,,,,,,,,,,,,,,,,,,,,,,,,,,,,,,"[{""started"": 2}, {""started"": 3}, {""started"": 2}]",,,,,,,,,,,,,,,,,,,,,,,,,,,,,,,,,
2024-08-11T13:13:11.236211000Z,,,wait200ms,,,,,,,,,,,,,,,,,,,,,,,,,,,,,,"[{""started"": 3}, {""started"": 2}, {""started"": 1}]",,,,,,,,,,,,,,,,,,,,,,,,,,,,,,,,,
2024-08-11T13:24:25.123874000Z,,,wait200ms,,,,,,,,,,,,,,,,,,,,,,,,,,,,,,"[{""started"": 1}, {""started"": 1}, {""started"": 1}]",,,,,,,,,,,,,,,,,,,,,,,,,,,,,,,,,
2024-08-11T13:29:25.431728000Z,,,wait400ms,,,,,,,,,,,,,,,,,,,,,,,,,,,,,,"[{""started"": 5}, {""started"": 4}]",,,,,,,,,,,,,,,,,,,,,,,,,,,,,,,,,
2024-08-11T18:08:04.657692000Z,,,wait300ms,,,,,,,,,,,,,,,,,,,,,,,,,,,,,,"[{""started"": 1}, {""started"": 5}]",,,,,,,,,,,,,,,,,,,,,,,,,,,,,,,,,
2024-08-11T19:55:12.407703000Z,,,wait100ms,,,,,,,,,,,,,,,,,,,,,,,,,,,,,,"[{""started"": 3}, {""started"": 3}]",,,,,,,,,,,,,,,,,,,,,,,,,,,,,,,,,
2024-08-11T21:14:01.973812000Z,,,wait300ms,,,,,,,,,,,,,,,,,,,,,,,,,,,,,,"[{""started"": 4}]",,,,,,,,,,,,,,,,,,,,,,,,,,,,,,,,,
2024-08-11T21:38:19.632634000Z,,,wait400ms,,,,,,,,,,,,,,,,,,,,,,,,,,,,,,"[{""started"": 1}, {""started"": 5}, {""started"": 5}]",,,,,,,,,,,,,,,,,,,,,,,,,,,,,,,,,
2024-08-11T21:42:01.088429000Z,,,wait200ms,,,,,,,,,,,,,,,,,,,,,,,,,,,,,,"[{""started"": 4}, {""started"": 5}, {""started"": 4}]",,,,,,,,,,,,,,,,,,,,,,,,,,,,,,,,,
2024-08-11T22:06:05.799323000Z,,,wait200ms,,,,,,,,,,,,,,,,,,,,,,,,,,,,,,"[{""started"": 4}, {""started"": 3}]",,,,,,,,,,,,,,,,,,,,,,,,,,,,,,,,,
2024-08-11T23:55:54.383140000Z,,,wait400ms,,,,,,,,,,,,,,,,,,,,,,,,,,,,,,"[{""started"": 2}, {""started"": 2}, {""started"": 4}]",,,,,,,,,,,,,,,,,,,,,,,,,,,,,,,,,
2024-08-12T00:52:35.897796000Z,,,wait300ms,,,,,,,,,,,,,,,,,,,,,,,,,,,,,,"[{""started"": 2}, {""started"": 4}]",,,,,,,,,,,,,,,,,,,,,,,,,,,,,,,,,
2024-08-12T00:56:18.490680000Z,,,wait100ms,,,,,,,,,,,,,,,,,,,,,,,,,,,,,,"[{""started"": 3}]",,,,,,,,,,,,,,,,,,,,,,,,,,,,,,,,,
2024-08-12T03:13:43.886717000Z,,,wait300ms,,,,,,,,,,,,,,,,,,,,,,,,,,,,,,"[{""started"": 5}, {""started"": 5}]",,,,,,,,,,,,,,,,,,,,,,,,,,,,,,,,,
2024-08-12T03:42:50.172753000Z,,,wait200ms,,,,,,,,,,,,,,,,,,,,,,,,,,,,,,"[{""started"": 5}, {""started"": 2}]",,,,,,,,,,,,,,,,,,,,,,,,,,,,,,,,,
2024-08-12T04:14:46.280272000Z,,,wait400ms,,,,,,,,,,,,,,,,,,,,,,,,,,,,,,"[{""started"": 4}]",,,,,,,,,,,,,,,,,,,,,,,,,,,,,,,,,
2024-08-12T04:42:49.959996000Z,,,wait300ms,,,,,,,,,,,,,,,,,,,,,,,,,,,,,,"[{""started"": 3}, {""started"": 5}, {""started"": 5}]",,,,,,,,,,,,,,,,,,,,,,,,,,,,,,,,,
2024-08-12T05:22:45.255822000Z,,,wait300ms,,,,,,,,,,,,,,,,,,,,,,,,,,,,,,"[{""started"": 3}, {""started"": 2}]",,,,,,,,,,,,,,,,,,,,,,,,,,,,,,,,,
2024-08-12T05:37:45.007271000Z,,,wait100ms,,,,,,,,,,,,,,,,,,,,,,,,,,,,,,"[{""started"": 2}, {""started"": 3}, {""started"": 4}]",,,,,,,,,,,,,,,,,,,,,,,,,,,,,,,,,
2024-08-12T07:42:41.614134000Z,,,wait100ms,,,,,,,,,,,,,,,,,,,,,,,,,,,,,,"[{""started"": 1}, {""started"": 4}, {""started"": 1}]",,,,,,,,,,,,,,,,,,,,,,,,,,,,,,,,,
2024-08-12T08:50:43.695566000Z,,,wait200ms,,,,,,,,,,,,,,,,,,,,,,,,,,,,,,"[{""started"": 1}, {""started"": 1}, {""started"": 5}]",,,,,,,,,,,,,,,,,,,,,,,,,,,,,,,,,
2024-08-12T10:47:31.304741000Z,,,wait200ms,,,,,,,,,,,,,,,,,,,,,,,,,,,,,,"[{""started"": 4}]",,,,,,,,,,,,,,,,,,,,,,,,,,,,,,,,,
2024-08-12T12:11:57.468644000Z,,,wait100ms,,,,,,,,,,,,,,,,,,,,,,,,,,,,,,"[{""started"": 2}, {""started"": 3}, {""started"": 1}]",,,,,,,,,,,,,,,,,,,,,,,,,,,,,,,,,
2024-08-12T12:42:40.068893000Z,,,wait100ms,,,,,,,,,,,,,,,,,,,,,,,,,,,,,,"[{""started"": 1}, {""started"": 5}, {""started"": 3}]",,,,,,,,,,,,,,,,,,,,,,,,,,,,,,,,,
2024-08-12T13:04:40.392575000Z,,,wait400ms,,,,,,,,,,,,,,,,,,,,,,,,,,,,,,"[{""started"": 5}, {""started"": 2}]",,,,,,,,,,,,,,,,,,,,,,,,,,,,,,,,,
2024-08-12T20:15:05.694309000Z,,,wait400ms,,,,,,,,,,,,,,,,,,,,,,,,,,,,,,"[{""started"": 1}, {""started"": 4}]",,,,,,,,,,,,,,,,,,,,,,,,,,,,,,,,,
2024-08-12T22:37:08.847723000Z,,,wait100ms,,,,,,,,,,,,,,,,,,,,,,,,,,,,,,"[{""started"": 1}, {""started"": 2}]",,,,,,,,,,,,,,,,,,,,,,,,,,,,,,,,,
2024-08-12T23:17:11.296446000Z,,,wait200ms,,,,,,,,,,,,,,,,,,,,,,,,,,,,,,"[{""started"": 1}, {""started"": 4}, {""started"": 4}]",,,,,,,,,,,,,,,,,,,,,,,,,,,,,,,,,
2024-08-12T23:42:45.212133000Z,,,wait300ms,,,,,,,,,,,,,,,,,,,,,,,,,,,,,,"[{""started"": 1}, {""started"": 1}, {""started"": 5}]",,,,,,,,,,,,,,,,,,,,,,,,,,,,,,,,,
